﻿<?xml version="1.0" encoding="utf-8"?>
<?xml-stylesheet type="text/xsl" href="c:\program files (x86)\microsoft visual studio 14.0\team tools\static analysis tools\fxcop\Xml\CodeAnalysisReport.xsl"?>
<FxCopReport Version="14.0">
 <Targets>
  <Target Name="D:\A\_work\117\s\bin\Release\Setup.ForcedUninstall.exe">
   <Modules>
    <Module Name="setup.forceduninstall.exe">
     <Messages>
      <Message TypeName="MarkAssembliesWithClsCompliant" Category="Microsoft.Design" CheckId="CA1014" Status="Active" Created="2016-07-19 03:00:17Z" FixCategory="NonBreaking">
       <Issue Certainty="95" Level="Error">Mark 'Setup.ForcedUninstall.exe' with CLSCompliant(true) because it exposes externally visible types.</Issue>
      </Message>
      <Message TypeName="MarkAssembliesWithComVisible" Category="Microsoft.Design" CheckId="CA1017" Status="Active" Created="2016-07-19 03:00:17Z" FixCategory="NonBreaking">
       <Issue Name="NoAttribute" Certainty="95" Level="CriticalError">Because 'Setup.ForcedUninstall.exe' exposes externally visible types, mark it with ComVisible(false) at the assembly level and then mark all types within the assembly that should be exposed to COM clients with ComVisible(true).</Issue>
      </Message>
     </Messages>
     <Namespaces>
      <Namespace Name="Microsoft.VS.Uninstaller">
       <Types>
        <Type Name="ConsoleOperations" Kind="Class" Accessibility="Assembly" ExternallyVisible="False">
         <Members>
          <Member Name="#ChangeWorkingDirectory(System.String[])" Kind="Method" Static="True" Accessibility="Assembly" ExternallyVisible="False">
           <Messages>
            <Message TypeName="AvoidUncalledPrivateCode" Category="Microsoft.Performance" CheckId="CA1811" Status="Active" Created="2016-07-19 03:00:17Z" FixCategory="NonBreaking">
             <Issue Certainty="75" Level="Warning" Path="D:\A\_work\117\s\src\Uninstall_Wrapper" File="ConsoleOperations.cs" Line="156">'ConsoleOperations.ChangeWorkingDirectory(string[])' appears to have no upstream public or protected callers.</Issue>
            </Message>
            <Message Id="System.Console.WriteLine(System.String)" TypeName="Do not pass literals as localized parameters" Category="Microsoft.Globalization" CheckId="CA1303" Status="Active" Created="2016-07-19 03:00:17Z" FixCategory="DependsOnFix">
             <Issue Name="KnownValue" Certainty="75" Level="Warning" Path="D:\A\_work\117\s\src\Uninstall_Wrapper" File="ConsoleOperations.cs" Line="166">Method 'ConsoleOperations.ChangeWorkingDirectory(string[])' passes a literal string as parameter 'value' of a call to 'Console.WriteLine(string)'. Retrieve the following string(s) from a resource table instead: "Working directory has been reset to ".</Issue>
            </Message>
           </Messages>
          </Member>
          <Member Name="#FormatOutput(System.String,System.Int32,System.Int32)" Kind="Method" Static="True" Accessibility="Private" ExternallyVisible="False">
           <Messages>
            <Message TypeName="AvoidUncalledPrivateCode" Category="Microsoft.Performance" CheckId="CA1811" Status="Active" Created="2016-07-19 03:00:17Z" FixCategory="NonBreaking">
             <Issue Certainty="75" Level="Warning" Path="D:\A\_work\117\s\src\Uninstall_Wrapper" File="ConsoleOperations.cs" Line="132">'ConsoleOperations.FormatOutput(string, int, int)' appears to have no upstream public or protected callers.</Issue>
            </Message>
            <Message Id="System.Console.WriteLine(System.String)" TypeName="Do not pass literals as localized parameters" Category="Microsoft.Globalization" CheckId="CA1303" Status="Active" Created="2016-07-19 03:00:17Z" FixCategory="DependsOnFix">
             <Issue Name="KnownValue" Certainty="75" Level="Warning" Path="D:\A\_work\117\s\src\Uninstall_Wrapper" File="ConsoleOperations.cs" Line="143">Method 'ConsoleOperations.FormatOutput(string, int, int)' passes a literal string as parameter 'value' of a call to 'Console.WriteLine(string)'. Retrieve the following string(s) from a resource table instead: " ".</Issue>
            </Message>
           </Messages>
          </Member>
          <Member Name="#GetOptions()" Kind="Method" Static="True" Accessibility="Private" ExternallyVisible="False">
           <Messages>
            <Message TypeName="AvoidUncalledPrivateCode" Category="Microsoft.Performance" CheckId="CA1811" Status="Active" Created="2016-07-19 03:00:17Z" FixCategory="NonBreaking">
             <Issue Certainty="75" Level="Warning" Path="D:\A\_work\117\s\src\Uninstall_Wrapper" File="ConsoleOperations.cs" Line="114">'ConsoleOperations.GetOptions()' appears to have no upstream public or protected callers.</Issue>
            </Message>
           </Messages>
          </Member>
          <Member Name="#GetUsage()" Kind="Method" Static="True" Accessibility="Assembly" ExternallyVisible="False">
           <Messages>
            <Message TypeName="AvoidUncalledPrivateCode" Category="Microsoft.Performance" CheckId="CA1811" Status="Active" Created="2016-07-19 03:00:17Z" FixCategory="NonBreaking">
             <Issue Certainty="75" Level="Warning" Path="D:\A\_work\117\s\src\Uninstall_Wrapper" File="ConsoleOperations.cs" Line="77">'ConsoleOperations.GetUsage()' appears to have no upstream public or protected callers.</Issue>
            </Message>
           </Messages>
          </Member>
          <Member Name="#MsgRelease" Kind="Property" Static="True" Accessibility="Assembly" ExternallyVisible="False">
           <Accessors>
            <Accessor Name="#get_MsgRelease()" Kind="Method" Static="True" Accessibility="Assembly" ExternallyVisible="False">
             <Messages>
              <Message TypeName="AvoidUncalledPrivateCode" Category="Microsoft.Performance" CheckId="CA1811" Status="Active" Created="2016-07-19 03:00:17Z" FixCategory="NonBreaking">
               <Issue Certainty="75" Level="Warning" Path="D:\A\_work\117\s\src\Uninstall_Wrapper" File="ConsoleOperations.cs" Line="37">'ConsoleOperations.MsgRelease.get()' appears to have no upstream public or protected callers.</Issue>
              </Message>
             </Messages>
            </Accessor>
            <Accessor Name="#set_MsgRelease(System.String)" Kind="Method" Static="True" Accessibility="Assembly" ExternallyVisible="False">
             <Messages>
              <Message TypeName="AvoidUncalledPrivateCode" Category="Microsoft.Performance" CheckId="CA1811" Status="Active" Created="2016-07-19 03:00:17Z" FixCategory="NonBreaking">
               <Issue Certainty="75" Level="Warning" Path="D:\A\_work\117\s\src\Uninstall_Wrapper" File="ConsoleOperations.cs" Line="37">'ConsoleOperations.MsgRelease.set(string)' appears to have no upstream public or protected callers.</Issue>
              </Message>
             </Messages>
            </Accessor>
           </Accessors>
          </Member>
          <Member Name="#OpenTempDirectory()" Kind="Method" Static="True" Accessibility="Assembly" ExternallyVisible="False">
           <Messages>
            <Message TypeName="AvoidUncalledPrivateCode" Category="Microsoft.Performance" CheckId="CA1811" Status="Active" Created="2016-07-19 03:00:17Z" FixCategory="NonBreaking">
             <Issue Certainty="75" Level="Warning" Path="D:\A\_work\117\s\src\Uninstall_Wrapper" File="ConsoleOperations.cs" Line="61">'ConsoleOperations.OpenTempDirectory()' appears to have no upstream public or protected callers.</Issue>
            </Message>
           </Messages>
          </Member>
          <Member Name="#SecurityWarning()" Kind="Method" Static="True" Accessibility="Assembly" ExternallyVisible="False">
           <Messages>
            <Message Id="System.Console.WriteLine(System.String)" TypeName="Do not pass literals as localized parameters" Category="Microsoft.Globalization" CheckId="CA1303" Status="Active" Created="2016-07-19 03:00:17Z" FixCategory="DependsOnFix">
             <Issue Name="KnownValue" Certainty="75" Level="Warning" Path="D:\A\_work\117\s\src\Uninstall_Wrapper" File="ConsoleOperations.cs" Line="47">Method 'ConsoleOperations.SecurityWarning()' passes a literal string as parameter 'value' of a call to 'Console.WriteLine(string)'. Retrieve the following string(s) from a resource table instead: "\r\nPress enter to continue.".</Issue>
            </Message>
           </Messages>
          </Member>
          <Member Name="#SetConsoleAttributes()" Kind="Method" Static="True" Accessibility="Assembly" ExternallyVisible="False">
           <Messages>
            <Message TypeName="AvoidUncalledPrivateCode" Category="Microsoft.Performance" CheckId="CA1811" Status="Active" Created="2016-07-19 03:00:17Z" FixCategory="NonBreaking">
             <Issue Certainty="75" Level="Warning" Path="D:\A\_work\117\s\src\Uninstall_Wrapper" File="ConsoleOperations.cs" Line="54">'ConsoleOperations.SetConsoleAttributes()' appears to have no upstream public or protected callers.</Issue>
            </Message>
           </Messages>
          </Member>
         </Members>
        </Type>
        <Type Name="Program" Kind="Class" Accessibility="Assembly" ExternallyVisible="False">
         <Members>
          <Member Name="#GetVisualStudioInstallationDirs()" Kind="Method" Static="True" Accessibility="Private" ExternallyVisible="False">
           <Messages>
            <Message Id="System.String.Format(System.String,System.Object)" TypeName="SpecifyIFormatProvider" Category="Microsoft.Globalization" CheckId="CA1305" Status="Active" Created="2016-07-19 03:00:17Z" FixCategory="NonBreaking">
             <Issue Name="IFormatProviderAlternateString" Certainty="95" Level="Error" Path="D:\A\_work\117\s\src\Uninstall_Wrapper" File="Program.cs" Line="192">Because the behavior of 'string.Format(string, object)' could vary based on the current user's locale settings, replace this call in 'Program.GetVisualStudioInstallationDirs()' with a call to 'string.Format(IFormatProvider, string, params object[])'. If the result of 'string.Format(IFormatProvider, string, params object[])' will be displayed to the user, specify 'CultureInfo.CurrentCulture' as the 'IFormatProvider' parameter. Otherwise, if the result will be stored and accessed by software, such as when it is persisted to disk or to a database, specify 'CultureInfo.InvariantCulture'.</Issue>
             <Issue Name="IFormatProviderAlternateString" Certainty="95" Level="Error" Path="D:\A\_work\117\s\src\Uninstall_Wrapper" File="Program.cs" Line="203">Because the behavior of 'string.Format(string, object)' could vary based on the current user's locale settings, replace this call in 'Program.GetVisualStudioInstallationDirs()' with a call to 'string.Format(IFormatProvider, string, params object[])'. If the result of 'string.Format(IFormatProvider, string, params object[])' will be displayed to the user, specify 'CultureInfo.CurrentCulture' as the 'IFormatProvider' parameter. Otherwise, if the result will be stored and accessed by software, such as when it is persisted to disk or to a database, specify 'CultureInfo.InvariantCulture'.</Issue>
            </Message>
           </Messages>
          </Member>
          <Member Name="#Main(System.String[])" Kind="Method" Static="True" Accessibility="Private" ExternallyVisible="False">
           <Messages>
            <Message Id="System.Console.WriteLine(System.String)" TypeName="Do not pass literals as localized parameters" Category="Microsoft.Globalization" CheckId="CA1303" Status="Active" Created="2016-07-19 03:00:17Z" FixCategory="DependsOnFix">
             <Issue Name="KnownValue" Certainty="75" Level="Warning" Path="D:\A\_work\117\s\src\Uninstall_Wrapper" File="Program.cs" Line="45">Method 'Program.Main(string[])' passes a literal string as parameter 'value' of a call to 'Console.WriteLine(string)'. Retrieve the following string(s) from a resource table instead: "Program stopped, please attach debugger and then hit any key to continue.".</Issue>
            </Message>
            <Message TypeName="NormalizeStringsToUppercase" Category="Microsoft.Globalization" CheckId="CA1308" Status="Active" Created="2016-07-19 03:00:17Z" FixCategory="NonBreaking">
             <Issue Name="ToUpperInvariant" Certainty="90" Level="Error" Path="D:\A\_work\117\s\src\Uninstall_Wrapper" File="Program.cs" Line="37">In method 'Program.Main(string[])', replace the call to 'string.ToLowerInvariant()' with String.ToUpperInvariant().</Issue>
            </Message>
            <Message Id="System.String.Format(System.String,System.Object)" TypeName="SpecifyIFormatProvider" Category="Microsoft.Globalization" CheckId="CA1305" Status="Active" Created="2016-07-19 03:00:17Z" FixCategory="NonBreaking">
             <Issue Name="IFormatProviderAlternateString" Certainty="95" Level="Error" Path="D:\A\_work\117\s\src\Uninstall_Wrapper" File="Program.cs" Line="104">Because the behavior of 'string.Format(string, object)' could vary based on the current user's locale settings, replace this call in 'Program.Main(string[])' with a call to 'string.Format(IFormatProvider, string, params object[])'. If the result of 'string.Format(IFormatProvider, string, params object[])' will be displayed to the user, specify 'CultureInfo.CurrentCulture' as the 'IFormatProvider' parameter. Otherwise, if the result will be stored and accessed by software, such as when it is persisted to disk or to a database, specify 'CultureInfo.InvariantCulture'.</Issue>
            </Message>
           </Messages>
          </Member>
          <Member Name="#PrintUsage()" Kind="Method" Static="True" Accessibility="Private" ExternallyVisible="False">
           <Messages>
            <Message Id="System.Console.WriteLine(System.String)" TypeName="Do not pass literals as localized parameters" Category="Microsoft.Globalization" CheckId="CA1303" Status="Active" Created="2016-07-19 03:00:17Z" FixCategory="DependsOnFix">
             <Issue Name="KnownValue" Certainty="75" Level="Warning" Path="D:\A\_work\117\s\src\Uninstall_Wrapper" File="Program.cs" Line="226">Method 'Program.PrintUsage()' passes a literal string as parameter 'value' of a call to 'Console.WriteLine(string)'. Retrieve the following string(s) from a resource table instead: "----------- Normal Usage --------------".</Issue>
             <Issue Name="KnownValue" Certainty="75" Level="Warning" Path="D:\A\_work\117\s\src\Uninstall_Wrapper" File="Program.cs" Line="225">Method 'Program.PrintUsage()' passes a literal string as parameter 'value' of a call to 'Console.WriteLine(string)'. Retrieve the following string(s) from a resource table instead: "It should be used as the last resort to clean up your machine.".</Issue>
             <Issue Name="KnownValue" Certainty="75" Level="Warning" Path="D:\A\_work\117\s\src\Uninstall_Wrapper" File="Program.cs" Line="227">Method 'Program.PrintUsage()' passes a literal string as parameter 'value' of a call to 'Console.WriteLine(string)'. Retrieve the following string(s) from a resource table instead: "Please run this application as administrator without any parameter.".</Issue>
             <Issue Name="KnownValue" Certainty="75" Level="Warning" Path="D:\A\_work\117\s\src\Uninstall_Wrapper" File="Program.cs" Line="224">Method 'Program.PrintUsage()' passes a literal string as parameter 'value' of a call to 'Console.WriteLine(string)'. Retrieve the following string(s) from a resource table instead: "Running this application will remove Visual Studio 2013/2015/vNext completely.".</Issue>
             <Issue Name="KnownValue" Certainty="75" Level="Warning" Path="D:\A\_work\117\s\src\Uninstall_Wrapper" File="Program.cs" Line="223">Method 'Program.PrintUsage()' passes a literal string as parameter 'value' of a call to 'Console.WriteLine(string)'. Retrieve the following string(s) from a resource table instead: "Welcome to Total Uninstaller.".</Issue>
            </Message>
           </Messages>
          </Member>
         </Members>
        </Type>
       </Types>
      </Namespace>
     </Namespaces>
    </Module>
   </Modules>
  </Target>
 </Targets>
 <Rules>
  <Rule TypeName="AvoidUncalledPrivateCode" Category="Microsoft.Performance" CheckId="CA1811">
   <Name>Avoid uncalled private code</Name>
   <Description>There is uncalled code that is not externally visible and is not a known runtime entry point. If this violation fires in error, please send a problem report to the Visual Studio Code Analysis team.</Description>
   <Resolution Name="Default">{0} appears to have no upstream public or protected callers.</Resolution>
   <Owner />
   <Url>http://msdn.microsoft.com/library/ms182264.aspx</Url>
   <Email>[none]</Email>
   <MessageLevel Certainty="75">Warning</MessageLevel>
   <File Name="performancerules.dll" Version="14.0.0.0" />
  </Rule>
  <Rule TypeName="Do not pass literals as localized parameters" Category="Microsoft.Globalization" CheckId="CA1303">
   <Name>Do not pass literals as localized parameters</Name>
   <Description>Literal strings that are embedded in source code are difficult to localize. Avoid passing literal strings as arguments in circumstances where a localized string is generally expected.</Description>
   <Resolution Name="KnownValue">Method {0} passes a literal string as parameter '{1}' of a call to {2}. Retrieve the following string(s) from a resource table instead: {3}.</Resolution>
   <Owner>RuleOwner</Owner>
   <Url>http://msdn.microsoft.com/library/ms182187.aspx</Url>
   <Email />
   <MessageLevel Certainty="75">Warning</MessageLevel>
   <File Name="dataflowrules.dll" Version="14.0.0.0" />
  </Rule>
  <Rule TypeName="MarkAssembliesWithClsCompliant" Category="Microsoft.Design" CheckId="CA1014">
   <Name>Mark assemblies with CLSCompliantAttribute</Name>
   <Description>Assemblies should explicitly state their CLS compliance using the CLSCompliant attribute. An assembly without this attribute is not CLS-compliant. Assemblies, modules, and types can be CLS-compliant even if some parts of the assembly, module, or type are not CLS-compliant. The following rules apply: 1) If the element is marked CLSCompliant, any noncompliant members must have the CLSCompliant attribute present with its argument set to false. 2) A comparable CLS-compliant alternative member must be supplied for each member that is not CLS-compliant.</Description>
   <Resolution Name="Default">Mark {0} with CLSCompliant(true) because it exposes externally visible types.</Resolution>
   <Owner />
   <Url>http://msdn.microsoft.com/library/ms182156.aspx</Url>
   <Email>[none]</Email>
   <MessageLevel Certainty="95">Error</MessageLevel>
   <File Name="designrules.dll" Version="14.0.0.0" />
  </Rule>
  <Rule TypeName="MarkAssembliesWithComVisible" Category="Microsoft.Design" CheckId="CA1017">
   <Name>Mark assemblies with ComVisibleAttribute</Name>
   <Description>The System.Runtime.InteropServices.ComVisible attribute indicates whether COM clients can use the library. Good design dictates that developers explicitly indicate COM visibility. The default value for this attribute is 'true'. However, the best design is to mark the assembly ComVisible false, and then mark types, interfaces, and individual members as ComVisible true, as appropriate.</Description>
   <Resolution Name="NoAttribute">Because {0} exposes externally visible types, mark it with ComVisible(false) at the assembly level and then mark all types within the assembly that should be exposed to COM clients with ComVisible(true).</Resolution>
   <Owner />
   <Url>http://msdn.microsoft.com/library/ms182157.aspx</Url>
   <Email>[none]</Email>
   <MessageLevel Certainty="95">CriticalError, Error</MessageLevel>
   <File Name="designrules.dll" Version="14.0.0.0" />
  </Rule>
  <Rule TypeName="NormalizeStringsToUppercase" Category="Microsoft.Globalization" CheckId="CA1308">
   <Name>Normalize strings to uppercase</Name>
   <Description>Strings should be normalized to upper-case.</Description>
   <Resolution Name="ToUpperInvariant">In method {0}, replace the call to {1} with String.ToUpperInvariant().</Resolution>
   <Owner />
   <Url>http://msdn.microsoft.com/library/bb386042.aspx</Url>
   <Email>[none]</Email>
   <MessageLevel Certainty="90">Error</MessageLevel>
   <File Name="globalizationrules.dll" Version="14.0.0.0" />
  </Rule>
  <Rule TypeName="SpecifyIFormatProvider" Category="Microsoft.Globalization" CheckId="CA1305">
   <Name>Specify IFormatProvider</Name>
   <Description>If an overload exists that takes an IFormatProvider argument, it should always be called in favor of an overload that does not. Some methods in the runtime convert a value to or from a string representation and take a string parameter that contains one or more characters, called format specifiers, which indicate how the value is to be converted. If the meaning of the format specifier varies by culture, a formatting object supplies the actual characters used in the string representation. In scenarios where sorting and comparison behavior should never change between cultures, specify CultureInfo.InvariantCulture, otherwise, specify CultureInfo.CurrentCulture.</Description>
   <Resolution Name="IFormatProviderAlternateString">Because the behavior of {0} could vary based on the current user's locale settings, replace this call in {1} with a call to {2}. If the result of {2} will be displayed to the user, specify {3} as the 'IFormatProvider' parameter. Otherwise, if the result will be stored and accessed by software, such as when it is persisted to disk or to a database, specify {4}.</Resolution>
   <Owner />
   <Url>http://msdn.microsoft.com/library/ms182190.aspx</Url>
   <Email>[none]</Email>
   <MessageLevel Certainty="95">Error</MessageLevel>
   <File Name="globalizationrules.dll" Version="14.0.0.0" />
  </Rule>
 </Rules>
 <Localized>
  <String Key="Category">Category</String>
  <String Key="Certainty">Certainty</String>
  <String Key="CollapseAll">Collapse All</String>
  <String Key="CheckId">Check Id</String>
  <String Key="Error">Error</String>
  <String Key="Errors">error(s)</String>
  <String Key="ExpandAll">Expand All</String>
  <String Key="Help">Help</String>
  <String Key="Line">Line</String>
  <String Key="Messages">message(s)</String>
  <String Key="LocationNotStoredInPdb">[Location not stored in Pdb]</String>
  <String Key="Project">Project</String>
  <String Key="Resolution">Resolution</String>
  <String Key="Rule">Rule</String>
  <String Key="RuleFile">Rule File</String>
  <String Key="RuleDescription">Rule Description</String>
  <String Key="Source">Source</String>
  <String Key="Status">Status</String>
  <String Key="Target">Target</String>
  <String Key="Warning">Warning</String>
  <String Key="Warnings">warning(s)</String>
  <String Key="ReportTitle">Code Analysis Report</String>
 </Localized>
</FxCopReport>
