﻿<?xml version="1.0" encoding="utf-8"?>
<?xml-stylesheet type="text/xsl" href="c:\program files (x86)\microsoft visual studio 14.0\team tools\static analysis tools\fxcop\Xml\CodeAnalysisReport.xsl"?>
<FxCopReport Version="14.0">
 <Targets>
  <Target Name="D:\A\_work\117\s\bin\Release\VS.ConfigurationManager.Support.dll">
   <Modules>
    <Module Name="vs.configurationmanager.support.dll">
     <Messages>
      <Message TypeName="MarkAssembliesWithClsCompliant" Category="Microsoft.Design" CheckId="CA1014" Status="Active" Created="2016-07-19 02:57:32Z" FixCategory="NonBreaking">
       <Issue Certainty="95" Level="Error">Mark 'VS.ConfigurationManager.Support.dll' with CLSCompliant(true) because it exposes externally visible types.</Issue>
      </Message>
      <Message TypeName="MarkAssembliesWithComVisible" Category="Microsoft.Design" CheckId="CA1017" Status="Active" Created="2016-07-19 02:57:32Z" FixCategory="NonBreaking">
       <Issue Name="NoAttribute" Certainty="95" Level="CriticalError">Because 'VS.ConfigurationManager.Support.dll' exposes externally visible types, mark it with ComVisible(false) at the assembly level and then mark all types within the assembly that should be exposed to COM clients with ComVisible(true).</Issue>
      </Message>
     </Messages>
     <Namespaces>
      <Namespace Name="Microsoft.VS.ConfigurationManager.Support">
       <Types>
        <Type Name="ElevationDetection" Kind="Class" Accessibility="Public" ExternallyVisible="True">
         <Members>
          <Member Name="#Elevate()" Kind="Method" Static="False" Accessibility="Private" ExternallyVisible="False">
           <Messages>
            <Message TypeName="DoNotCatchGeneralExceptionTypes" Category="Microsoft.Design" CheckId="CA1031" Status="Active" Created="2016-07-19 02:57:32Z" FixCategory="NonBreaking">
             <Issue Certainty="95" Level="CriticalError" Path="D:\A\_work\117\s\src\VS.ConfigurationManager.Support" File="ElevationDetection.cs" Line="63">Modify 'ElevationDetection.Elevate()' to catch a more specific exception than 'Exception' or rethrow the exception.</Issue>
            </Message>
           </Messages>
          </Member>
         </Members>
        </Type>
        <Type Name="NativeMethods" Kind="Class" Accessibility="Assembly" ExternallyVisible="False">
         <Members>
          <Member Name="#RegOpenKeyEx(System.UIntPtr,System.String,System.UInt32,System.Int32,System.Int32&amp;)" Kind="Method" Static="True" Accessibility="Assembly" ExternallyVisible="False">
           <Messages>
            <Message Id="1" TypeName="SpecifyMarshalingForPInvokeStringArguments" Category="Microsoft.Globalization" CheckId="CA2101" Status="Active" Created="2016-07-19 02:57:32Z" FixCategory="NonBreaking">
             <Issue Name="ParameterImplicitAnsi" Certainty="75" Level="Error">To reduce security risk, marshal parameter 'lpSubKey' as Unicode, by setting DllImport.CharSet to CharSet.Unicode, or by explicitly marshaling the parameter as UnmanagedType.LPWStr. If you need to marshal this string as ANSI or system-dependent, specify MarshalAs explicitly, and set BestFitMapping=false; for added security, also set ThrowOnUnmappableChar=true.</Issue>
            </Message>
           </Messages>
          </Member>
          <Member Name="#RegQueryValueEx(System.Int32,System.String,System.Int32,System.UInt32&amp;,System.Text.StringBuilder,System.UInt32&amp;)" Kind="Method" Static="True" Accessibility="Assembly" ExternallyVisible="False">
           <Messages>
            <Message Id="0" TypeName="PInvokeDeclarationsShouldBePortable" Category="Microsoft.Portability" CheckId="CA1901" Status="Active" Created="2016-07-19 02:57:32Z" FixCategory="NonBreaking">
             <Issue Name="Parameter" Certainty="95" Level="Error">As it is declared in your code, parameter 'hKey' of P/Invoke 'NativeMethods.RegQueryValueEx(int, string, int, ref uint, StringBuilder, ref uint)' will be 4 bytes wide on 64-bit platforms. This is not correct, as the actual native declaration of this API indicates it should be 8 bytes wide on 64-bit platforms. Consult the MSDN Platform SDK documentation for help determining what data type should be used instead of 'int'.</Issue>
            </Message>
            <Message Id="2" TypeName="PInvokeDeclarationsShouldBePortable" Category="Microsoft.Portability" CheckId="CA1901" Status="Active" Created="2016-07-19 02:57:32Z" FixCategory="NonBreaking">
             <Issue Name="Parameter" Certainty="95" Level="Error">As it is declared in your code, parameter 'lpReserved' of P/Invoke 'NativeMethods.RegQueryValueEx(int, string, int, ref uint, StringBuilder, ref uint)' will be 4 bytes wide on 64-bit platforms. This is not correct, as the actual native declaration of this API indicates it should be 8 bytes wide on 64-bit platforms. Consult the MSDN Platform SDK documentation for help determining what data type should be used instead of 'int'.</Issue>
            </Message>
            <Message Id="1" TypeName="SpecifyMarshalingForPInvokeStringArguments" Category="Microsoft.Globalization" CheckId="CA2101" Status="Active" Created="2016-07-19 02:57:32Z" FixCategory="NonBreaking">
             <Issue Name="ParameterImplicitAnsi" Certainty="75" Level="Error">To reduce security risk, marshal parameter 'lpValueName' as Unicode, by setting DllImport.CharSet to CharSet.Unicode, or by explicitly marshaling the parameter as UnmanagedType.LPWStr. If you need to marshal this string as ANSI or system-dependent, specify MarshalAs explicitly, and set BestFitMapping=false; for added security, also set ThrowOnUnmappableChar=true.</Issue>
            </Message>
            <Message Id="4" TypeName="SpecifyMarshalingForPInvokeStringArguments" Category="Microsoft.Globalization" CheckId="CA2101" Status="Active" Created="2016-07-19 02:57:32Z" FixCategory="NonBreaking">
             <Issue Name="ParameterImplicitAnsi" Certainty="75" Level="Error">To reduce security risk, marshal parameter 'lpData' as Unicode, by setting DllImport.CharSet to CharSet.Unicode, or by explicitly marshaling the parameter as UnmanagedType.LPWStr. If you need to marshal this string as ANSI or system-dependent, specify MarshalAs explicitly, and set BestFitMapping=false; for added security, also set ThrowOnUnmappableChar=true.</Issue>
            </Message>
           </Messages>
          </Member>
         </Members>
        </Type>
        <Type Name="RegHive" Kind="Class" Accessibility="Public" ExternallyVisible="True">
         <Members>
          <Member Name="#HKEY_CURRENT_USER" Kind="Field" Static="True" Accessibility="Assembly" ExternallyVisible="False">
           <Messages>
            <Message TypeName="AvoidUnusedPrivateFields" Category="Microsoft.Performance" CheckId="CA1823" Status="Active" Created="2016-07-19 02:57:32Z" FixCategory="NonBreaking">
             <Issue Certainty="75" Level="Warning">It appears that field 'RegHive.HKEY_CURRENT_USER' is never used or is only ever assigned to. Use this field or remove it.</Issue>
            </Message>
           </Messages>
          </Member>
         </Members>
        </Type>
        <Type Name="RegistryHandler" Kind="Class" Accessibility="Public" ExternallyVisible="True">
         <Members>
          <Member Name="#GetRegKey64(System.UIntPtr,System.String,Microsoft.VS.ConfigurationManager.Support.RegistrySAM,System.String)" Kind="Method" Static="True" Accessibility="Public" ExternallyVisible="True">
           <Messages>
            <Message Id="Microsoft.VS.ConfigurationManager.Support.NativeMethods.RegCloseKey(System.Int32)" TypeName="DoNotIgnoreMethodResults" Category="Microsoft.Usage" CheckId="CA1806" Status="Active" Created="2016-07-19 02:57:32Z" FixCategory="NonBreaking">
             <Issue Name="HResultOrErrorCode" Certainty="95" Level="Warning" Path="D:\A\_work\117\s\src\VS.ConfigurationManager.Support" File="RegistryHandler.cs" Line="146">'RegistryHandler.GetRegKey64(UIntPtr, string, RegistrySAM, string)' calls 'NativeMethods.RegCloseKey(int)' but does not use the HRESULT or error code that the method returns. This could lead to unexpected behavior in error conditions or low-resource situations. Use the result in a conditional statement, assign the result to a variable, or pass it as an argument to another method.</Issue>
            </Message>
            <Message Id="Microsoft.VS.ConfigurationManager.Support.NativeMethods.RegQueryValueEx(System.Int32,System.String,System.Int32,System.UInt32@,System.Text.StringBuilder,System.UInt32@)" TypeName="DoNotIgnoreMethodResults" Category="Microsoft.Usage" CheckId="CA1806" Status="Active" Created="2016-07-19 02:57:32Z" FixCategory="NonBreaking">
             <Issue Name="HResultOrErrorCode" Certainty="95" Level="Warning" Path="D:\A\_work\117\s\src\VS.ConfigurationManager.Support" File="RegistryHandler.cs" Line="140">'RegistryHandler.GetRegKey64(UIntPtr, string, RegistrySAM, string)' calls 'NativeMethods.RegQueryValueEx(int, string, int, ref uint, StringBuilder, ref uint)' but does not use the HRESULT or error code that the method returns. This could lead to unexpected behavior in error conditions or low-resource situations. Use the result in a conditional statement, assign the result to a variable, or pass it as an argument to another method.</Issue>
            </Message>
           </Messages>
          </Member>
         </Members>
        </Type>
        <Type Name="Utility" Kind="Class" Accessibility="Public" ExternallyVisible="True">
         <Members>
          <Member Name="#ExecuteProcess(System.String,System.String)" Kind="Method" Static="True" Accessibility="Public" ExternallyVisible="True">
           <Messages>
            <Message TypeName="DoNotIndirectlyExposeMethodsWithLinkDemands" Category="Microsoft.Security" CheckId="CA2122" Status="Active" Created="2016-07-19 02:57:32Z" FixCategory="NonBreaking">
             <Issue Certainty="33" Level="CriticalError" Path="D:\A\_work\117\s\src\VS.ConfigurationManager.Support" File="Utility.cs" Line="77">'Utility.ExecuteProcess(string, string)' calls into 'Process.ExitCode.get()' which has a LinkDemand. By making this call, 'Process.ExitCode.get()' is indirectly exposed to user code. Review the following call stack that might expose a way to circumvent security protection: &#xD;&#xA;   -&gt;'Utility.ExecuteProcess(string, string)'&#xD;&#xA;   -&gt;'Utility.ExecuteProcess(string, string)'</Issue>
             <Issue Certainty="33" Level="CriticalError" Path="D:\A\_work\117\s\src\VS.ConfigurationManager.Support" File="Utility.cs" Line="77">'Utility.ExecuteProcess(string, string)' calls into 'Process.Start()' which has a LinkDemand. By making this call, 'Process.Start()' is indirectly exposed to user code. Review the following call stack that might expose a way to circumvent security protection: &#xD;&#xA;   -&gt;'Utility.ExecuteProcess(string, string)'&#xD;&#xA;   -&gt;'Utility.ExecuteProcess(string, string)'</Issue>
             <Issue Certainty="33" Level="CriticalError" Path="D:\A\_work\117\s\src\VS.ConfigurationManager.Support" File="Utility.cs" Line="77">'Utility.ExecuteProcess(string, string)' calls into 'Process.StartInfo.get()' which has a LinkDemand. By making this call, 'Process.StartInfo.get()' is indirectly exposed to user code. Review the following call stack that might expose a way to circumvent security protection: &#xD;&#xA;   -&gt;'Utility.ExecuteProcess(string, string)'&#xD;&#xA;   -&gt;'Utility.ExecuteProcess(string, string)'</Issue>
             <Issue Certainty="33" Level="CriticalError" Path="D:\A\_work\117\s\src\VS.ConfigurationManager.Support" File="Utility.cs" Line="77">'Utility.ExecuteProcess(string, string)' calls into 'Process.WaitForExit()' which has a LinkDemand. By making this call, 'Process.WaitForExit()' is indirectly exposed to user code. Review the following call stack that might expose a way to circumvent security protection: &#xD;&#xA;   -&gt;'Utility.ExecuteProcess(string, string)'&#xD;&#xA;   -&gt;'Utility.ExecuteProcess(string, string)'</Issue>
             <Issue Certainty="33" Level="CriticalError" Path="D:\A\_work\117\s\src\VS.ConfigurationManager.Support" File="Utility.cs" Line="77">'Utility.ExecuteProcess(string, string)' calls into 'ProcessStartInfo.Arguments.set(string)' which has a LinkDemand. By making this call, 'ProcessStartInfo.Arguments.set(string)' is indirectly exposed to user code. Review the following call stack that might expose a way to circumvent security protection: &#xD;&#xA;   -&gt;'Utility.ExecuteProcess(string, string)'&#xD;&#xA;   -&gt;'Utility.ExecuteProcess(string, string)'</Issue>
             <Issue Certainty="33" Level="CriticalError" Path="D:\A\_work\117\s\src\VS.ConfigurationManager.Support" File="Utility.cs" Line="77">'Utility.ExecuteProcess(string, string)' calls into 'ProcessStartInfo.FileName.set(string)' which has a LinkDemand. By making this call, 'ProcessStartInfo.FileName.set(string)' is indirectly exposed to user code. Review the following call stack that might expose a way to circumvent security protection: &#xD;&#xA;   -&gt;'Utility.ExecuteProcess(string, string)'&#xD;&#xA;   -&gt;'Utility.ExecuteProcess(string, string)'</Issue>
             <Issue Certainty="33" Level="CriticalError" Path="D:\A\_work\117\s\src\VS.ConfigurationManager.Support" File="Utility.cs" Line="77">'Utility.ExecuteProcess(string, string)' calls into 'ProcessStartInfo.RedirectStandardOutput.set(bool)' which has a LinkDemand. By making this call, 'ProcessStartInfo.RedirectStandardOutput.set(bool)' is indirectly exposed to user code. Review the following call stack that might expose a way to circumvent security protection: &#xD;&#xA;   -&gt;'Utility.ExecuteProcess(string, string)'&#xD;&#xA;   -&gt;'Utility.ExecuteProcess(string, string)'</Issue>
             <Issue Certainty="33" Level="CriticalError" Path="D:\A\_work\117\s\src\VS.ConfigurationManager.Support" File="Utility.cs" Line="77">'Utility.ExecuteProcess(string, string)' calls into 'ProcessStartInfo.UseShellExecute.set(bool)' which has a LinkDemand. By making this call, 'ProcessStartInfo.UseShellExecute.set(bool)' is indirectly exposed to user code. Review the following call stack that might expose a way to circumvent security protection: &#xD;&#xA;   -&gt;'Utility.ExecuteProcess(string, string)'&#xD;&#xA;   -&gt;'Utility.ExecuteProcess(string, string)'</Issue>
             <Issue Certainty="33" Level="CriticalError" Path="D:\A\_work\117\s\src\VS.ConfigurationManager.Support" File="Utility.cs" Line="77">'Utility.ExecuteProcess(string, string)' calls into 'ProcessStartInfo.Verb.set(string)' which has a LinkDemand. By making this call, 'ProcessStartInfo.Verb.set(string)' is indirectly exposed to user code. Review the following call stack that might expose a way to circumvent security protection: &#xD;&#xA;   -&gt;'Utility.ExecuteProcess(string, string)'&#xD;&#xA;   -&gt;'Utility.ExecuteProcess(string, string)'</Issue>
            </Message>
           </Messages>
          </Member>
          <Member Name="#Initialize()" Kind="Method" Static="False" Accessibility="Private" ExternallyVisible="False">
           <Messages>
            <Message TypeName="MarkMembersAsStatic" Category="Microsoft.Performance" CheckId="CA1822" Status="Active" Created="2016-07-19 02:57:32Z" FixCategory="NonBreaking">
             <Issue Certainty="95" Level="Warning" Path="D:\A\_work\117\s\src\VS.ConfigurationManager.Support" File="Utility.cs" Line="43">The 'this' parameter (or 'Me' in Visual Basic) of 'Utility.Initialize()' is never used. Mark the member as static (or Shared in Visual Basic) or use 'this'/'Me' in the method body or at least one property accessor, if appropriate.</Issue>
            </Message>
           </Messages>
          </Member>
          <Member Name="#ReadRegKey(System.String,System.String)" Kind="Method" Static="True" Accessibility="Public" ExternallyVisible="True">
           <Messages>
            <Message TypeName="DoNotCatchGeneralExceptionTypes" Category="Microsoft.Design" CheckId="CA1031" Status="Active" Created="2016-07-19 02:57:32Z" FixCategory="NonBreaking">
             <Issue Certainty="95" Level="CriticalError" Path="D:\A\_work\117\s\src\VS.ConfigurationManager.Support" File="Utility.cs" Line="59">Modify 'Utility.ReadRegKey(string, string)' to catch a more specific exception than 'Exception' or rethrow the exception.</Issue>
            </Message>
           </Messages>
          </Member>
         </Members>
        </Type>
       </Types>
      </Namespace>
     </Namespaces>
    </Module>
   </Modules>
  </Target>
 </Targets>
 <Rules>
  <Rule TypeName="AvoidUnusedPrivateFields" Category="Microsoft.Performance" CheckId="CA1823">
   <Name>Avoid unused private fields</Name>
   <Description>Private fields were detected that do not appear to be accessed within the assembly. If this violation fires in error, please send a problem report to the Visual Studio Code Analysis team.</Description>
   <Resolution Name="Default">It appears that field {0} is never used or is only ever assigned to. Use this field or remove it.</Resolution>
   <Owner />
   <Url>http://msdn.microsoft.com/library/ms245042.aspx</Url>
   <Email>[none]</Email>
   <MessageLevel Certainty="75">Warning</MessageLevel>
   <File Name="performancerules.dll" Version="14.0.0.0" />
  </Rule>
  <Rule TypeName="DoNotCatchGeneralExceptionTypes" Category="Microsoft.Design" CheckId="CA1031">
   <Name>Do not catch general exception types</Name>
   <Description>You should not catch Exception or SystemException. Catching generic exception types can hide run-time problems from the library user, and can complicate debugging. You should catch only those exceptions that you can handle gracefully.</Description>
   <Resolution Name="Default">Modify {0} to catch a more specific exception than {1} or rethrow the exception.</Resolution>
   <Owner />
   <Url>http://msdn.microsoft.com/library/ms182137.aspx</Url>
   <Email>[none]</Email>
   <MessageLevel Certainty="95">CriticalError</MessageLevel>
   <File Name="designrules.dll" Version="14.0.0.0" />
  </Rule>
  <Rule TypeName="DoNotIgnoreMethodResults" Category="Microsoft.Usage" CheckId="CA1806">
   <Name>Do not ignore method results</Name>
   <Description>The result of methods that return new instances of strings should be assigned to a variable and subsequently used. If the result of a method that creates a new object, such as String.ToLower(), is not assigned to a variable, the call is wasted.</Description>
   <Resolution Name="HResultOrErrorCode">{0} calls {1} but does not use the HRESULT or error code that the method returns. This could lead to unexpected behavior in error conditions or low-resource situations. Use the result in a conditional statement, assign the result to a variable, or pass it as an argument to another method.</Resolution>
   <Owner />
   <Url>http://msdn.microsoft.com/library/ms182273.aspx</Url>
   <Email>[none]</Email>
   <MessageLevel Certainty="95">Warning</MessageLevel>
   <File Name="usagerules.dll" Version="14.0.0.0" />
  </Rule>
  <Rule TypeName="DoNotIndirectlyExposeMethodsWithLinkDemands" Category="Microsoft.Security" CheckId="CA2122">
   <Name>Do not indirectly expose methods with link demands</Name>
   <Description>Do not wrap a method protected by a LinkDemand with a method that does not perform a security check. A LinkDemand checks the permissions of the immediate caller rather than checking the permissions of all callers in the call stack. In this case, the permissions of the wrapper method will be checked. If the wrapper method does not, itself, check the permissions of callers higher in the call stack, malicious code might be able to execute the wrapped function even though it lacks permission to do so.</Description>
   <Resolution Name="Default">{0} calls into {1} which has a LinkDemand. By making this call, {1} is indirectly exposed to user code. Review the following call stack that might expose a way to circumvent security protection: {2}</Resolution>
   <Owner />
   <Url>http://msdn.microsoft.com/library/ms182303.aspx</Url>
   <Email>[none]</Email>
   <MessageLevel Certainty="33">CriticalError</MessageLevel>
   <File Name="securityrules.dll" Version="14.0.0.0" />
  </Rule>
  <Rule TypeName="MarkAssembliesWithClsCompliant" Category="Microsoft.Design" CheckId="CA1014">
   <Name>Mark assemblies with CLSCompliantAttribute</Name>
   <Description>Assemblies should explicitly state their CLS compliance using the CLSCompliant attribute. An assembly without this attribute is not CLS-compliant. Assemblies, modules, and types can be CLS-compliant even if some parts of the assembly, module, or type are not CLS-compliant. The following rules apply: 1) If the element is marked CLSCompliant, any noncompliant members must have the CLSCompliant attribute present with its argument set to false. 2) A comparable CLS-compliant alternative member must be supplied for each member that is not CLS-compliant.</Description>
   <Resolution Name="Default">Mark {0} with CLSCompliant(true) because it exposes externally visible types.</Resolution>
   <Owner />
   <Url>http://msdn.microsoft.com/library/ms182156.aspx</Url>
   <Email>[none]</Email>
   <MessageLevel Certainty="95">Error</MessageLevel>
   <File Name="designrules.dll" Version="14.0.0.0" />
  </Rule>
  <Rule TypeName="MarkAssembliesWithComVisible" Category="Microsoft.Design" CheckId="CA1017">
   <Name>Mark assemblies with ComVisibleAttribute</Name>
   <Description>The System.Runtime.InteropServices.ComVisible attribute indicates whether COM clients can use the library. Good design dictates that developers explicitly indicate COM visibility. The default value for this attribute is 'true'. However, the best design is to mark the assembly ComVisible false, and then mark types, interfaces, and individual members as ComVisible true, as appropriate.</Description>
   <Resolution Name="NoAttribute">Because {0} exposes externally visible types, mark it with ComVisible(false) at the assembly level and then mark all types within the assembly that should be exposed to COM clients with ComVisible(true).</Resolution>
   <Owner />
   <Url>http://msdn.microsoft.com/library/ms182157.aspx</Url>
   <Email>[none]</Email>
   <MessageLevel Certainty="95">CriticalError, Error</MessageLevel>
   <File Name="designrules.dll" Version="14.0.0.0" />
  </Rule>
  <Rule TypeName="MarkMembersAsStatic" Category="Microsoft.Performance" CheckId="CA1822">
   <Name>Mark members as static</Name>
   <Description>Methods which do not access instance data or call instance methods can be marked as static (Shared in Visual Basic). After doing so, the compiler will emit non-virtual call sites to these members which will prevent a check at runtime for each call that ensures the current object pointer is non-null. This can result in a measurable performance gain for performance-sensitive code. In some cases, the failure to access the current object instance represents a correctness issue.</Description>
   <Resolution Name="Default">The 'this' parameter (or 'Me' in Visual Basic) of {0} is never used. Mark the member as static (or Shared in Visual Basic) or use 'this'/'Me' in the method body or at least one property accessor, if appropriate.</Resolution>
   <Owner />
   <Url>http://msdn.microsoft.com/library/ms245046.aspx</Url>
   <Email>[none]</Email>
   <MessageLevel Certainty="95">Warning</MessageLevel>
   <File Name="performancerules.dll" Version="14.0.0.0" />
  </Rule>
  <Rule TypeName="PInvokeDeclarationsShouldBePortable" Category="Microsoft.Portability" CheckId="CA1901">
   <Name>P/Invoke declarations should be portable</Name>
   <Description>.</Description>
   <Resolution Name="Parameter">As it is declared in your code, parameter {0} of P/Invoke {1} will be {2} bytes wide on {3} platforms. This is not correct, as the actual native declaration of this API indicates it should be {4} bytes wide on {3} platforms. Consult the MSDN Platform SDK documentation for help determining what data type should be used instead of {5}.</Resolution>
   <Owner />
   <Url>http://msdn.microsoft.com/library/ms182284(VS.100).aspx</Url>
   <Email>[none]</Email>
   <MessageLevel Certainty="95">Error</MessageLevel>
   <File Name="portabilityrules.dll" Version="14.0.0.0" />
  </Rule>
  <Rule TypeName="SpecifyMarshalingForPInvokeStringArguments" Category="Microsoft.Globalization" CheckId="CA2101">
   <Name>Specify marshaling for P/Invoke string arguments</Name>
   <Description>When marshaling strings as ANSI (or as Auto on Win9x), some characters may be changed. If best-fit mapping is on, strings that appear different in Unicode will be marshaled to identical ANSI strings, which may lead to incorrect security decisions. Turning best-fit mapping off reduces this risk, as all characters without equivalents are mapped to '?'. Also, note that CharSet.Ansi is the default setting for all string marshaling; Unicode marshaling must be specified explicitly, either as a CharSet setting of DllImport or StructLayout, or as a MarshalAs attribute with a Unicode (or system-dependent) UnmanagedType.</Description>
   <Resolution Name="ParameterImplicitAnsi">To reduce security risk, marshal parameter {0} as Unicode, by setting DllImport.CharSet to CharSet.Unicode, or by explicitly marshaling the parameter as UnmanagedType.LPWStr. If you need to marshal this string as ANSI or system-dependent, specify MarshalAs explicitly, and set BestFitMapping=false; for added security, also set ThrowOnUnmappableChar=true.</Resolution>
   <Owner />
   <Url>http://msdn.microsoft.com/library/ms182319.aspx</Url>
   <Email>[none]</Email>
   <MessageLevel Certainty="75">Error</MessageLevel>
   <File Name="globalizationrules.dll" Version="14.0.0.0" />
  </Rule>
 </Rules>
 <Localized>
  <String Key="Category">Category</String>
  <String Key="Certainty">Certainty</String>
  <String Key="CollapseAll">Collapse All</String>
  <String Key="CheckId">Check Id</String>
  <String Key="Error">Error</String>
  <String Key="Errors">error(s)</String>
  <String Key="ExpandAll">Expand All</String>
  <String Key="Help">Help</String>
  <String Key="Line">Line</String>
  <String Key="Messages">message(s)</String>
  <String Key="LocationNotStoredInPdb">[Location not stored in Pdb]</String>
  <String Key="Project">Project</String>
  <String Key="Resolution">Resolution</String>
  <String Key="Rule">Rule</String>
  <String Key="RuleFile">Rule File</String>
  <String Key="RuleDescription">Rule Description</String>
  <String Key="Source">Source</String>
  <String Key="Status">Status</String>
  <String Key="Target">Target</String>
  <String Key="Warning">Warning</String>
  <String Key="Warnings">warning(s)</String>
  <String Key="ReportTitle">Code Analysis Report</String>
 </Localized>
</FxCopReport>
